transcript_id,SRR1039508,SRR1039509,SRR1039512,SRR1039513
ENST00000487177,0,6,0,4
ENST00000341426,7,0,0,0
ENST00000460473,3,1,0,3
ENST00000478729,0,0,0,0
ENST00000606533,0,0,0,0
ENST00000493183,0,0,0,0
ENST00000468793,0,0,0,0
ENST00000457440,0,0,0,0
ENST00000487559,0,0,0,0
ENST00000417061,1,0,0,1
ENST00000482074,9,0,0,0
ENST00000466752,0,0,0,0
ENST00000452264,0,1,0,0
ENST00000496751,0,0,0,0
ENST00000486681,0,0,0,0
ENST00000464373,0,3,0,0
ENST00000486379,0,0,0,0
ENST00000490997,0,0,0,0
ENST00000636630,2,5,0,0
ENST00000635509,0,1,0,0
ENST00000587071,3,0,0,0
ENST00000364855,0,0,0,0
ENST00000470931,0,0,0,0
ENST00000509982,0,0,0,0
ENST00000462129,1,2,0,1
ENST00000508455,4,0,0,0
ENST00000450734,43,26,36,8
ENST00000607061,0,0,0,0
ENST00000465822,0,0,0,0
ENST00000351959,0,0,0,0
ENST00000637697,0,0,0,0
ENST00000377842,0,0,0,0
ENST00000453732,0,0,0,0
ENST00000377845,0,0,0,0
ENST00000488353,10,56,0,46
ENST00000476083,0,0,0,0
ENST00000378585,0,0,0,0
ENST00000640067,0,0,0,0
ENST00000325425,0,0,0,0
ENST00000466557,1,0,4,0
ENST00000450390,41,2,0,15
ENST00000598846,18,38,0,7
ENST00000378453,0,0,0,0
ENST00000341991,0,0,0,0
ENST00000485539,0,0,0,0
ENST00000438966,0,1,0,1
ENST00000494279,0,0,0,0
ENST00000491024,0,0,0,0
ENST00000351136,0,0,0,0
ENST00000491020,0,0,0,0
ENST00000448958,0,0,0,0
ENST00000549778,0,0,0,0
ENST00000526113,0,0,0,0
ENST00000464972,0,0,0,0
ENST00000474481,6,0,0,0
ENST00000636330,0,0,0,0
ENST00000461111,0,0,0,5
ENST00000495451,0,0,0,0
ENST00000416774,0,0,0,0
ENST00000445300,0,0,0,0
ENST00000398216,0,0,0,0
ENST00000527383,0,0,0,0
ENST00000328596,0,0,0,0
ENST00000621860,0,0,0,0
ENST00000514695,0,0,0,0
ENST00000589531,0,0,0,0
ENST00000463895,1,1,0,1
ENST00000417324,0,0,2,0
ENST00000484669,0,0,0,0
ENST00000484667,0,0,0,0
ENST00000464570,0,0,0,0
ENST00000378638,0,0,0,0
ENST00000378633,0,0,0,0
ENST00000514057,3587,3558,1,1
ENST00000476718,122,130,0,72
ENST00000463835,0,4,0,0
ENST00000429505,0,0,0,0
ENST00000576232,0,0,0,0
ENST00000638002,0,0,0,0
ENST00000588951,0,0,0,0
ENST00000632503,0,0,0,0
ENST00000605895,112,166,0,64
ENST00000496905,0,0,0,0
ENST00000304952,0,0,0,0
ENST00000357898,0,0,0,0
ENST00000487819,0,0,0,0
ENST00000645609,0,0,0,11
ENST00000356876,0,0,0,0
ENST00000477976,0,0,0,6
ENST00000645600,0,0,0,0
ENST00000357876,0,0,0,0
ENST00000478641,9,1,0,5
ENST00000470659,1,0,0,0
ENST00000613751,0,0,0,0
ENST00000607720,0,0,0,0
ENST00000338895,0,0,0,0
ENST00000497965,0,0,0,0
ENST00000497747,1,1,0,1
ENST00000585826,0,0,0,0
ENST00000473872,1,3,0,3
ENST00000424657,0,0,0,0
ENST00000327044,59,48,0,0
ENST00000497186,0,0,0,0
ENST00000476572,0,0,0,0
ENST00000642026,0,0,0,0
ENST00000639753,0,0,0,0
ENST00000626918,0,0,0,0
ENST00000340850,0,0,0,0
ENST00000467267,0,0,0,0
ENST00000443772,0,0,0,0
ENST00000618323,0,0,0,0
ENST00000503294,0,0,0,0
ENST00000503297,0,0,0,0
ENST00000466223,0,0,0,0
ENST00000507596,0,0,0,0
ENST00000493316,0,0,0,0
ENST00000308647,8,8,0,0
ENST00000447500,0,2,1,0
ENST00000514502,0,0,0,0
ENST00000634054,0,0,0,0
ENST00000489635,0,0,0,0
ENST00000517147,0,0,0,0
ENST00000464367,0,0,0,2
ENST00000481401,0,0,0,0
ENST00000618181,0,0,0,0
ENST00000593022,0,0,0,0
ENST00000485984,0,0,0,0
ENST00000430786,0,0,0,0
ENST00000531019,0,0,0,0
ENST00000476163,0,0,0,0
ENST00000427302,0,0,0,0
ENST00000466131,0,0,0,0
ENST00000467408,8,2,0,0
ENST00000489180,16,9,0,0
ENST00000462686,0,0,0,0
ENST00000640892,0,0,0,0
ENST00000471018,0,0,0,0
ENST00000525285,0,0,0,1
ENST00000504800,0,0,0,0
ENST00000607013,7,6,0,7
ENST00000354700,24,3,0,0
ENST00000618051,0,0,0,0
ENST00000635451,0,0,0,0
ENST00000428932,0,0,0,0
ENST00000509860,0,0,0,0
ENST00000379268,0,0,0,0
ENST00000488340,0,0,0,0
ENST00000379265,0,0,0,0
ENST00000412639,0,0,0,5
ENST00000641254,0,0,0,0
ENST00000469225,0,0,0,0
ENST00000608600,0,0,0,0
ENST00000473600,0,0,0,0
ENST00000623070,0,0,0,0
ENST00000379198,36,31,0,7
ENST00000454562,0,0,0,0
ENST00000428803,0,0,0,24
ENST00000418124,0,0,0,0
ENST00000477585,0,0,0,0
ENST00000488011,0,0,0,0
ENST00000378486,0,0,0,0
ENST00000469318,0,0,0,0
ENST00000466430,4,3,6,5
ENST00000469643,0,0,0,0
ENST00000445317,0,0,0,0
ENST00000420957,0,0,0,0
ENST00000440200,0,0,0,0
ENST00000449895,0,0,0,0
ENST00000466941,0,0,0,0
ENST00000356026,2,0,0,0
ENST00000378156,0,3,0,0
ENST00000445884,0,0,0,0
ENST00000433407,0,0,0,0
ENST00000514428,0,0,0,0
ENST00000613533,0,0,0,3
ENST00000330388,0,0,0,0
ENST00000505370,5,0,0,0
ENST00000484676,0,0,0,0
ENST00000475523,0,0,0,0
ENST00000607342,0,0,0,0
ENST00000494684,0,0,0,2
ENST00000474033,271,13,0,195
ENST00000477740,0,0,0,0
ENST00000377263,0,0,0,6
ENST00000516595,0,0,0,0
ENST00000338370,54,10,0,0
ENST00000530233,0,0,0,2
ENST00000291386,110,129,0,79
ENST00000377464,0,0,0,3
ENST00000510434,0,0,0,0
ENST00000487804,0,4,0,0
ENST00000526904,0,0,0,0
ENST00000425828,0,0,0,0
ENST00000496353,3,3,0,2
ENST00000606645,0,0,0,0
ENST00000470648,0,0,0,0
ENST00000262450,0,0,0,0
ENST00000493678,0,0,0,67
ENST00000417917,0,0,0,0
ENST00000294600,0,0,0,0
ENST00000466300,0,0,0,0
ENST00000442305,0,0,0,0
ENST00000621981,797,903,1217,1024
ENST00000440038,3,0,8,3
ENST00000609981,0,0,0,0
ENST00000614998,0,0,0,0
ENST00000355826,0,0,0,0
ENST00000384328,0,0,0,0
ENST00000641426,0,0,0,0
ENST00000335137,0,0,0,0
ENST00000356937,25,0,0,0
ENST00000462432,8,6,0,5
ENST00000472264,0,0,0,0
ENST00000464351,2,1,0,1
ENST00000453341,0,0,0,0
ENST00000460696,0,0,0,0
ENST00000342753,0,0,0,0
ENST00000464195,0,0,0,0
ENST00000426406,0,0,0,0
ENST00000606993,0,0,0,0
ENST00000492842,0,0,0,0
ENST00000427317,0,0,0,0
ENST00000492845,0,0,0,1
ENST00000583026,0,0,0,0
ENST00000445648,5,8,0,0
ENST00000641403,0,0,0,0
ENST00000442636,0,0,0,0
ENST00000498342,0,0,0,13
ENST00000449154,0,0,0,0
ENST00000389632,0,0,0,0
ENST00000377860,0,0,0,0
ENST00000423764,23,0,0,0
ENST00000623083,60,51,76,31
ENST00000418286,0,0,0,0
ENST00000378712,0,13,0,0
ENST00000379031,10,4,0,2
ENST00000379037,0,0,0,0
ENST00000469251,0,0,0,0
ENST00000450402,0,0,0,0
ENST00000445254,0,0,0,0
ENST00000469499,0,0,0,0
ENST00000360001,319,259,0,195
ENST00000418137,0,0,0,0
ENST00000379325,0,0,0,0
ENST00000321336,0,2,0,0
ENST00000379320,0,0,0,0
ENST00000378322,12,13,0,1
ENST00000403197,0,0,0,2
ENST00000332831,0,0,0,0
ENST00000602865,4,3,0,4
ENST00000461311,0,0,0,0
ENST00000641006,0,0,0,0
ENST00000514189,0,0,0,0
ENST00000607222,9,0,0,7
ENST00000453576,0,0,0,0
ENST00000476993,0,9,0,6
ENST00000377782,0,0,0,0
ENST00000403997,0,0,0,0
ENST00000471190,0,0,0,0
ENST00000494149,2,2,3,0
ENST00000498810,2,1,0,0
ENST00000491311,0,5,0,0
ENST00000418865,231,197,0,162
ENST00000637179,0,0,0,0
ENST00000471354,0,0,0,0
ENST00000514436,3,4,4,1
ENST00000496488,0,0,0,0
ENST00000377674,0,0,0,2
ENST00000478938,5,40,0,8
ENST00000458452,0,0,0,0
ENST00000572242,15,20,0,18
ENST00000585745,0,0,0,0
ENST00000616125,0,0,0,0
ENST00000504599,0,0,0,0
ENST00000319084,0,0,0,0
ENST00000470357,0,0,0,0
ENST00000602640,0,0,0,0
ENST00000606170,0,0,0,0
ENST00000377411,0,0,0,0
ENST00000377414,0,0,0,0
ENST00000602883,0,0,0,1
ENST00000377320,0,0,0,0
ENST00000493797,0,0,0,0
ENST00000460192,0,0,0,0
ENST00000607589,1,1,0,1
ENST00000377258,0,0,0,0
ENST00000377256,0,0,0,0
ENST00000416272,0,0,0,0
ENST00000616947,0,0,0,0
ENST00000497940,0,0,0,0
ENST00000427787,0,0,0,0
ENST00000516168,0,0,0,0
ENST00000502512,0,0,0,0
ENST00000434264,1,1,0,0
ENST00000525603,0,0,0,0
ENST00000341524,0,0,0,0
ENST00000638604,0,0,0,0
ENST00000633651,0,0,0,0
ENST00000486728,0,0,0,0
ENST00000467339,2,1,0,8
ENST00000497304,0,1,0,0
ENST00000511910,0,0,0,0
ENST00000426784,0,0,0,0
ENST00000417705,0,0,0,0
ENST00000354980,0,0,0,0
ENST00000432429,0,0,0,0
ENST00000637775,0,0,0,0
ENST00000635557,0,0,0,0
ENST00000635556,0,0,0,0
ENST00000343813,171,0,0,141
ENST00000434641,0,0,0,0
ENST00000462356,7,4,0,0
ENST00000641472,0,0,0,0
ENST00000607031,0,0,0,0
ENST00000462379,0,0,0,0
ENST00000385042,0,0,0,0
ENST00000377893,73,0,0,15
ENST00000377898,0,0,0,0
ENST00000512004,0,0,0,0
ENST00000480393,0,0,0,0
ENST00000470030,0,0,0,0
ENST00000641507,0,0,0,0
ENST00000423796,0,0,0,0
ENST00000464311,0,0,0,0
ENST00000596308,3,4,0,1
ENST00000459822,0,0,0,0
ENST00000485073,0,0,0,0
ENST00000411708,0,0,0,0
ENST00000461465,0,0,0,0
ENST00000460998,0,0,0,0
ENST00000490017,0,0,0,0
ENST00000472194,5,0,0,0
ENST00000270722,5,5,0,1
ENST00000270720,0,0,0,0
ENST00000379339,9,0,0,0
ENST00000450696,0,0,0,0
ENST00000451054,0,0,0,0
ENST00000400903,0,0,0,0
ENST00000581512,0,0,0,0
ENST00000054668,0,0,0,0
ENST00000540437,29,24,0,14
ENST00000472445,2,6,0,7
ENST00000646539,0,0,0,65
ENST00000458203,12,12,6,1
ENST00000415267,0,0,0,0
ENST00000488147,50,40,67,25
ENST00000498806,0,0,0,0
ENST00000413148,0,0,0,0
ENST00000646660,0,0,0,0
ENST00000492476,0,0,0,0
ENST00000302692,0,0,0,3
ENST00000424862,0,0,0,0
ENST00000632445,0,0,0,0
ENST00000520777,0,12,0,0
ENST00000495791,0,0,0,0
ENST00000602477,0,0,0,0
ENST00000478901,4,0,0,0
ENST00000461893,9,9,0,34
ENST00000377663,0,0,0,0
ENST00000442987,4,5,4,3
ENST00000495558,7,0,0,0
ENST00000485748,3,0,0,9
ENST00000461106,0,0,0,0
ENST00000623863,0,0,0,0
ENST00000505225,0,0,0,0
ENST00000469113,0,0,0,0
ENST00000377403,0,0,0,406
ENST00000474475,0,0,0,0
ENST00000416860,12,7,0,5
ENST00000349431,0,27,0,0
ENST00000471768,0,0,0,0
ENST00000455744,0,0,0,0
ENST00000582517,0,0,0,0
ENST00000434139,0,0,0,0
ENST00000641871,0,0,0,0
ENST00000421495,0,0,0,0
ENST00000493657,0,6,0,0
ENST00000338591,14,0,0,0
ENST00000481945,0,0,0,0
ENST00000377532,0,0,0,0
ENST00000643905,149,105,0,40
ENST00000424689,0,0,0,0
ENST00000479362,0,1,0,0
ENST00000479361,0,0,0,0
ENST00000428771,0,0,0,0
ENST00000435358,0,0,0,0
ENST00000470596,0,0,0,0
ENST00000435351,0,0,0,0
ENST00000475091,0,0,0,0
ENST00000472017,0,0,0,0
ENST00000638411,0,0,0,0
ENST00000615951,0,0,0,0
ENST00000453364,0,0,0,0
ENST00000635092,0,0,0,0
ENST00000479566,0,0,0,0
ENST00000337907,0,0,0,115
ENST00000486400,2,0,0,0
ENST00000471889,0,0,0,9
ENST00000639070,1,0,0,1
ENST00000590817,5,0,0,0
ENST00000486396,0,0,0,0
ENST00000450983,0,0,0,0
ENST00000307896,0,0,0,0
ENST00000361605,0,0,0,0
ENST00000508416,0,0,0,0
ENST00000461580,0,0,0,0
ENST00000635405,0,0,0,0
ENST00000433179,0,0,0,0
ENST00000474874,0,0,0,0
ENST00000379236,0,0,0,0
ENST00000384875,0,0,0,0
ENST00000339381,0,0,0,0
ENST00000414253,0,0,0,0
ENST00000470022,0,0,0,0
ENST00000641515,0,0,0,0
ENST00000622020,0,0,0,0
ENST00000633821,0,0,0,0
ENST00000465911,0,0,0,0
ENST00000480542,0,0,0,0
ENST00000465916,0,0,0,0
ENST00000620552,136,84,0,49
ENST00000480499,4,7,0,6
ENST00000488042,0,0,0,0
ENST00000412397,0,0,0,0
ENST00000606372,0,4,0,0
ENST00000333854,0,0,0,2
ENST00000533916,4,2,0,0
ENST00000364105,0,0,0,0
ENST00000592547,0,0,0,2
ENST00000420964,1,2,0,1
ENST00000425657,0,0,0,0
ENST00000328089,0,0,0,49
ENST00000378785,0,0,0,0
ENST00000610709,0,0,0,0
ENST00000378546,0,0,0,0
ENST00000514234,0,0,0,0
ENST00000378543,0,0,0,0
ENST00000434817,0,0,0,0
ENST00000478223,0,0,0,0
ENST00000394517,0,0,0,0
ENST00000485710,0,5,0,1
ENST00000602406,0,0,0,0
ENST00000472541,2,6,0,0
ENST00000495016,0,2,0,0
ENST00000377658,0,0,0,99
ENST00000445297,0,0,0,0
ENST00000503789,0,0,0,0
ENST00000585768,0,0,0,0
ENST00000475790,3,0,0,0
ENST00000470373,4,7,0,0
ENST00000484537,0,0,0,0
ENST00000447725,0,0,0,0
ENST00000377436,0,0,0,0
ENST00000340381,0,0,0,0
ENST00000484532,0,0,0,0
ENST00000378169,0,0,0,0
ENST00000474461,0,0,0,0
ENST00000378161,3,2,0,0
ENST00000597891,0,2,0,0
ENST00000432964,0,0,0,0
ENST00000432961,0,0,0,0
ENST00000377346,0,0,0,0
ENST00000432963,0,0,0,0
ENST00000444968,0,2,0,3
ENST00000475229,0,0,0,0
ENST00000475228,0,0,0,0
ENST00000425872,0,0,0,20
ENST00000464748,0,0,0,0
ENST00000607769,0,0,0,0
ENST00000439272,0,9,0,0
ENST00000491842,0,0,0,0
ENST00000476686,0,0,0,0
ENST00000641860,0,0,0,0
ENST00000471154,3,1,0,2
ENST00000591440,0,0,0,0
ENST00000419973,0,0,0,0
ENST00000377507,0,0,0,0
ENST00000487437,0,0,0,0
ENST00000482402,0,0,0,4
ENST00000428161,0,0,0,0
ENST00000420190,0,0,0,0
ENST00000609207,6,0,0,0
ENST00000470763,4,0,0,0
ENST00000478770,0,0,0,0
ENST00000446136,4,0,0,0
ENST00000635159,0,3,0,0
ENST00000622921,0,0,0,0
ENST00000452176,0,0,0,0
ENST00000465727,4,0,0,0
ENST00000420515,0,0,0,0
ENST00000341385,0,0,0,0
ENST00000487659,2,3,0,0
ENST00000346387,0,0,0,0
ENST00000445501,0,0,0,0
ENST00000278878,0,0,0,0
ENST00000409119,0,0,0,0
ENST00000479223,0,0,0,0
ENST00000463758,5,0,0,7
ENST00000419394,0,0,0,0
ENST00000461667,0,0,0,0
ENST00000639045,0,0,0,0
ENST00000481175,0,0,0,0
ENST00000489498,21,0,0,0
ENST00000631679,0,0,0,0
ENST00000429957,0,0,0,0
ENST00000435198,0,0,0,0
ENST00000498476,0,0,0,0
ENST00000641679,0,0,0,0
ENST00000628140,0,0,0,0
ENST00000641078,0,0,0,0
ENST00000508400,0,0,0,0
ENST00000507179,0,0,0,0
ENST00000234590,0,0,0,457
ENST00000488540,0,0,0,0
ENST00000640030,0,0,0,0
ENST00000601814,0,1,0,0
ENST00000444362,0,1,0,0
ENST00000469691,0,0,0,0
ENST00000467612,0,0,0,0
ENST00000379319,0,0,0,0
ENST00000379317,0,0,0,0
ENST00000512462,0,0,0,0
ENST00000515423,0,4,0,0
ENST00000512731,2,1,0,2
ENST00000641325,0,0,0,4
ENST00000270708,0,0,0,5
ENST00000603781,0,0,0,0
ENST00000491779,0,0,0,0
ENST00000412120,0,0,0,0
ENST00000458555,0,0,0,0
ENST00000473798,7,0,0,5
ENST00000506941,0,0,0,0
ENST00000474916,1,2,0,0
ENST00000492766,0,0,0,0
ENST00000378206,0,0,0,0
ENST00000531292,4,5,0,4
ENST00000456687,0,0,0,0
ENST00000359060,11,7,0,7
ENST00000378755,14,12,0,0
ENST00000378209,0,0,0,0
ENST00000471361,0,0,0,0
ENST00000494951,0,0,0,0
ENST00000505849,0,0,0,0
ENST00000419704,0,0,0,0
ENST00000378756,0,0,0,9
ENST00000469045,0,0,0,0
ENST00000607307,11,4,0,6
ENST00000469289,0,0,0,0
ENST00000377648,0,0,0,44
ENST00000378378,0,0,0,0
ENST00000439513,2,0,0,0
ENST00000495576,0,0,0,0
ENST00000378373,0,0,0,0
ENST00000378371,0,0,0,0
ENST00000338338,0,29,0,22
ENST00000557126,0,0,0,0
ENST00000491212,0,0,0,0
ENST00000483767,0,26,0,16
ENST00000468397,0,0,0,0
ENST00000377424,0,0,0,4
ENST00000477679,0,0,0,0
ENST00000378191,0,0,0,0
ENST00000378190,0,0,0,0
ENST00000469733,0,1,0,0
ENST00000356200,5,3,0,14
ENST00000609830,0,0,0,0
ENST00000624426,4,0,0,0
ENST00000429480,0,0,0,0
ENST00000441724,0,0,0,0
ENST00000377516,0,0,0,0
ENST00000473209,0,0,0,0
ENST00000416718,2603,2919,2565,2338
ENST00000610067,0,0,0,0
ENST00000416931,457,559,675,519
ENST00000496404,0,0,0,0
ENST00000401096,0,0,0,0
ENST00000401095,0,0,0,0
ENST00000589899,4,0,0,0
ENST00000437905,0,0,0,0
ENST00000497869,0,0,0,0
ENST00000604074,0,0,0,0
ENST00000479239,0,2,0,0
ENST00000629312,0,0,0,0
ENST00000510793,0,0,0,0
ENST00000636676,1,0,1,0
ENST00000427426,2134,2896,4665,2814
ENST00000599771,0,0,0,0
ENST00000428120,33,8,0,4
ENST00000637702,0,0,0,0
ENST00000481140,0,0,0,0
ENST00000564261,0,0,0,0
ENST00000497183,0,0,0,0
ENST00000482365,0,17,0,0
ENST00000445600,0,0,0,0
ENST00000482360,0,0,0,2
ENST00000434694,0,0,0,0
ENST00000234610,9,4,0,0
ENST00000356575,2,0,0,0
ENST00000164247,0,7,0,7
ENST00000341028,0,0,0,0
ENST00000410579,0,0,0,0
ENST00000456897,0,0,0,0
ENST00000605785,0,0,0,0
ENST00000418088,0,11,0,0
ENST00000473578,0,0,0,10
ENST00000570344,0,0,0,0
ENST00000537107,0,7,0,0
ENST00000497660,0,0,0,0
ENST00000414273,14973,14712,18466,11846
ENST00000624927,0,0,0,0
ENST00000485002,0,0,0,0
ENST00000435221,9,0,0,0
ENST00000437586,0,0,0,77
ENST00000452793,0,0,0,0
ENST00000515145,0,0,0,0
ENST00000545482,0,0,0,0
ENST00000379101,0,0,0,0
ENST00000476803,5,11,0,6
ENST00000640317,0,0,0,0
ENST00000503672,0,0,0,0
ENST00000307786,0,4,0,0
ENST00000321399,0,0,0,0
ENST00000442889,0,0,0,0
ENST00000361521,21,0,0,30
ENST00000378567,11,5,0,4
ENST00000415295,0,0,0,0
ENST00000477264,0,0,0,0
ENST00000357760,0,0,0,0
ENST00000624652,0,0,0,0
ENST00000527098,0,0,0,0
ENST00000412228,0,0,0,0
ENST00000565563,0,0,0,0
ENST00000505322,0,0,0,0
ENST00000361311,0,0,0,0
ENST00000477045,0,0,0,3
ENST00000422076,0,0,0,0
ENST00000309212,213,442,0,98
ENST00000491998,7,7,0,0
ENST00000418950,0,0,0,0
ENST00000531377,0,0,0,0
ENST00000465125,0,0,0,0
ENST00000471223,1,7,0,0
ENST00000451778,0,0,0,0
ENST00000477686,0,0,0,0
ENST00000377740,0,0,0,0
ENST00000493807,0,0,0,0
ENST00000377748,0,0,0,0
ENST00000496325,0,0,0,0
ENST00000493207,1,2,0,1
ENST00000461467,0,0,0,0
ENST00000496329,0,0,0,0
ENST00000624431,0,0,0,0
ENST00000430109,0,0,0,0
ENST00000641845,0,0,0,0
ENST00000612080,2,2,1,1
ENST00000417636,0,0,0,0
ENST00000419916,0,0,0,0
ENST00000338639,0,0,0,12
ENST00000377298,0,0,0,322
ENST00000424215,0,0,0,0
ENST00000341290,0,0,0,0
ENST00000479331,0,0,0,0
ENST00000453935,4,0,0,0
ENST00000480991,2,0,0,21
ENST00000455464,0,2,0,1
ENST00000450926,0,0,0,0
ENST00000378251,42,63,0,44
ENST00000460777,0,0,0,0
ENST00000486072,0,0,0,0
ENST00000464985,0,0,0,0
ENST00000493373,0,0,0,0
ENST00000639593,0,0,0,0
ENST00000354437,0,0,0,0
ENST00000411962,0,0,0,0
ENST00000464383,0,0,0,0
ENST00000607670,0,0,0,0
ENST00000620200,0,0,0,0
ENST00000490905,0,0,0,0
ENST00000460602,0,9,0,0
ENST00000473964,0,0,0,0
ENST00000506177,0,0,0,0
ENST00000482602,0,0,0,0
ENST00000434686,0,0,0,0
ENST00000482352,3,2,0,3
ENST00000323275,0,0,0,0
ENST00000604566,0,0,0,0
ENST00000632803,0,0,0,0
ENST00000442392,5,0,0,0
ENST00000506488,0,0,0,0
ENST00000609009,0,0,0,0
ENST00000634344,0,0,0,0
ENST00000644246,0,0,0,0
ENST00000497675,4,10,0,19
ENST00000434576,0,0,0,0
ENST00000450305,0,0,0,0
ENST00000440825,0,0,0,0
ENST00000485036,0,0,0,0
ENST00000339350,0,0,0,0
ENST00000543390,0,0,0,0
ENST00000379370,0,0,0,5
ENST00000435556,0,0,0,0
ENST00000461703,0,0,0,0
ENST00000423197,0,0,0,0
ENST00000644482,2,2,0,2
ENST00000641303,0,0,0,0
ENST00000634966,0,0,0,0
ENST00000340677,0,0,0,1
ENST00000379116,0,0,0,0
ENST00000415330,0,0,0,0
ENST00000465387,0,0,0,0
ENST00000466651,0,0,0,0
ENST00000378518,0,0,0,0
ENST00000607096,0,0,0,0
ENST00000477278,0,0,0,0
ENST00000378513,0,0,0,0
ENST00000378512,16,0,0,17
ENST00000635619,0,0,0,0
ENST00000511099,0,0,0,0
ENST00000647043,0,0,0,0
ENST00000378733,0,3,0,0
ENST00000408918,40,39,0,0
ENST00000378223,0,0,0,0
ENST00000054650,0,0,0,2
ENST00000378736,0,0,0,3
ENST00000526797,0,0,0,0
ENST00000475121,0,0,0,0
ENST00000425598,0,0,0,0
ENST00000641229,0,0,0,0
ENST00000437157,0,0,0,0
ENST00000377999,0,0,0,0
ENST00000466813,0,0,0,0
ENST00000377627,0,0,0,15
ENST00000378427,0,0,0,0
ENST00000467404,0,0,0,0
ENST00000378425,0,0,0,0
ENST00000378424,0,0,0,0
ENST00000493964,0,0,0,0
ENST00000474659,0,0,0,0
ENST00000604194,0,0,0,0
ENST00000429572,4,3,0,0
ENST00000492508,2,2,0,2
ENST00000511502,0,0,0,0
ENST00000378675,0,0,0,0
ENST00000461142,0,5,0,0
ENST00000585139,0,0,0,0
ENST00000355439,4,0,0,5
ENST00000455207,0,0,0,0
ENST00000473358,3,2,0,0
ENST00000516445,0,0,0,0
ENST00000294599,3,0,0,9
ENST00000492343,0,0,0,5
ENST00000561886,0,0,0,0
ENST00000514625,0,0,0,0
ENST00000502666,0,0,0,0
ENST00000639935,0,0,0,0
ENST00000416731,0,0,0,0
ENST00000478098,0,0,0,0
ENST00000377577,0,0,0,45
ENST00000454104,0,0,0,0
ENST00000497113,0,0,0,0
ENST00000492768,0,0,0,0
ENST00000379290,0,0,0,0
ENST00000530031,0,0,0,0
ENST00000443438,1,2,0,0
ENST00000464665,0,0,0,0
ENST00000420522,0,0,0,0
ENST00000641940,0,0,0,0
ENST00000427998,0,0,0,0
ENST00000419838,0,0,0,0
ENST00000400921,0,0,0,0
ENST00000400928,0,0,0,0
ENST00000400929,0,0,0,0
ENST00000426570,0,0,0,0
ENST00000463492,0,0,0,0
ENST00000502470,0,0,0,0
ENST00000640949,0,0,0,0
ENST00000618806,0,0,0,0
ENST00000643943,0,0,0,0
ENST00000507012,0,0,0,0
ENST00000473993,0,0,0,0
ENST00000419160,0,2,0,0
ENST00000442673,3,0,0,0
ENST00000464286,0,0,0,1
ENST00000489730,0,0,0,0
ENST00000411823,0,0,0,0
ENST00000641049,0,0,0,3
ENST00000456328,1,1,0,2
ENST00000471930,3,0,0,0
ENST00000378708,0,0,0,0
ENST00000464043,0,0,0,0
ENST00000502588,0,0,0,0
ENST00000486138,0,0,0,0
ENST00000443930,0,0,0,0
ENST00000459994,0,0,0,0
ENST00000432521,0,0,0,0
ENST00000466994,0,0,0,2
ENST00000492998,0,0,0,0
ENST00000515760,0,0,0,0
ENST00000473511,0,0,0,0
ENST00000503792,0,0,0,0
ENST00000532952,0,0,0,0
ENST00000414210,0,0,0,0
ENST00000471840,0,8,0,0
ENST00000486627,0,0,0,0
ENST00000306256,0,0,0,0
ENST00000490738,0,0,0,0
ENST00000510900,0,0,0,0
ENST00000343889,0,0,0,0
ENST00000423619,81,73,0,45
ENST00000476864,0,0,0,0
ENST00000514363,0,0,0,0
ENST00000494748,8,1,0,22
ENST00000412115,0,0,0,0
ENST00000477196,0,0,0,0
ENST00000480479,8,10,0,3
ENST00000480186,0,0,0,0
ENST00000467712,0,0,0,0
ENST00000449660,0,0,0,0
ENST00000536656,0,0,0,19
ENST00000458166,0,0,0,0
ENST00000378725,1,1,0,1
ENST00000378726,19,15,0,16
ENST00000413887,0,0,0,0
ENST00000532772,0,0,0,0
ENST00000437146,0,0,0,0
ENST00000448629,0,0,0,0
ENST00000602916,0,0,0,0
ENST00000453464,0,0,0,0
ENST00000448624,0,0,0,0
ENST00000378344,139,85,0,115
ENST00000472741,0,0,0,0
ENST00000451196,0,0,0,0
ENST00000601486,0,0,0,0
ENST00000321751,0,0,0,0
ENST00000471204,0,0,0,0
ENST00000461150,0,0,0,0
ENST00000365545,0,0,0,0
ENST00000473343,0,0,0,1
ENST00000505228,0,0,0,0
ENST00000495347,0,0,0,0
ENST00000378230,22,37,0,24
ENST00000463260,6,1,0,3
ENST00000624697,0,0,0,0
ENST00000377541,0,0,0,0
ENST00000435891,0,0,0,0
ENST00000428504,0,0,0,0
ENST00000495233,0,0,0,0
ENST00000467067,0,0,0,12
ENST00000288774,91,73,0,35
ENST00000517213,0,0,0,0
ENST00000470520,0,0,0,0
ENST00000642557,0,0,0,0
ENST00000607632,0,0,0,0
ENST00000400913,0,0,0,0
ENST00000400915,0,0,0,0
ENST00000400919,0,0,0,0
ENST00000400918,0,0,0,0
ENST00000487053,12,9,0,0
ENST00000468561,0,0,0,0
ENST00000479263,0,0,0,0
ENST00000468365,0,0,0,0
ENST00000635029,0,0,0,0
ENST00000639625,0,0,0,0
ENST00000513135,0,0,0,1
ENST00000477990,15,2,0,0
ENST00000487186,3,0,0,2
ENST00000410691,0,0,0,0
ENST00000433876,0,0,0,0
ENST00000642139,0,0,0,0
ENST00000440516,0,0,0,0
ENST00000481137,0,0,0,0
ENST00000482621,0,0,0,0
ENST00000462849,2,0,0,0
ENST00000475479,0,0,0,0
ENST00000453260,0,0,0,0
ENST00000496676,0,0,0,0
ENST00000470986,0,0,0,0
ENST00000467278,63,0,0,0
ENST00000606857,0,0,0,0
ENST00000490853,0,0,0,0
ENST00000465508,0,0,0,0
ENST00000441866,2,1,1,2
ENST00000361923,0,0,0,0
ENST00000414688,0,0,1,0
ENST00000497492,0,0,0,0
ENST00000481223,0,0,0,0
ENST00000507229,6,0,0,0
ENST00000482934,0,0,0,0
ENST00000635247,0,0,0,0
ENST00000489867,0,0,0,0
ENST00000614007,0,0,0,0
ENST00000471853,0,0,0,2
ENST00000486632,0,0,0,0
ENST00000615252,0,0,0,0
ENST00000379288,0,0,0,0
ENST00000379289,0,0,0,0
ENST00000641063,0,0,1,1
ENST00000614300,0,19,0,0
ENST00000480267,0,0,0,0
ENST00000467651,0,0,0,0
ENST00000415481,2,2,0,1
ENST00000444521,27,30,0,16
ENST00000466750,5,0,0,0
ENST00000444529,1,0,0,0
ENST00000443892,0,0,0,0
ENST00000480661,51,91,0,83
ENST00000647408,0,0,0,0
ENST00000447954,1,1,1,1
ENST00000595919,0,2,2,0
ENST00000489300,0,4,0,0
ENST00000344843,37,50,0,35
ENST00000341832,78,74,0,39
ENST00000454272,0,0,0,0
ENST00000616525,0,0,0,1
ENST00000453580,0,0,0,0
ENST00000378536,172,128,0,65
ENST00000378531,0,0,0,0
ENST00000419249,0,0,0,0
ENST00000509374,0,0,0,0
ENST00000511072,0,0,0,0
ENST00000537245,0,0,0,0
ENST00000492947,0,0,0,0
ENST00000641562,0,0,0,0
ENST00000456409,0,0,0,0
ENST00000466827,0,0,0,0
ENST00000378083,0,0,0,0
ENST00000438791,0,0,0,0
ENST00000461727,0,0,0,0
ENST00000526332,0,0,0,0
ENST00000449232,0,0,0,0
ENST00000408156,0,0,0,0
ENST00000378404,0,0,0,0
ENST00000413472,0,0,0,0
ENST00000351748,0,0,0,0
ENST00000438539,0,0,0,0
ENST00000478323,0,0,0,0
ENST00000378888,15,67,0,31
ENST00000440032,0,0,0,0
ENST00000632593,0,0,0,0
ENST00000378391,0,0,0,0
ENST00000464905,0,0,0,0
ENST00000623808,0,0,0,0
ENST00000469374,0,0,0,0
ENST00000607459,4,2,0,0
ENST00000646680,0,0,0,0
ENST00000635819,0,0,0,0
ENST00000263741,0,0,0,0
ENST00000435937,0,0,0,0
ENST00000434150,0,0,0,0
ENST00000452982,0,0,0,0
ENST00000484419,0,0,0,0
ENST00000625756,0,0,0,0
ENST00000419924,0,0,0,0
ENST00000338660,1,0,0,0
ENST00000603364,0,0,0,0
ENST00000603362,0,0,0,0
ENST00000400908,0,0,0,0
ENST00000431321,0,0,0,0
ENST00000400906,0,0,0,0
ENST00000400907,0,0,0,0
ENST00000400904,0,0,0,0
ENST00000502730,0,0,0,0
ENST00000491941,0,0,0,0
ENST00000419816,0,0,0,0
ENST00000377399,0,0,0,0
ENST00000294401,0,0,0,0
ENST00000496064,7,7,0,0
ENST00000525164,6,0,0,0
ENST00000487194,0,0,0,1
ENST00000643438,0,0,0,0
ENST00000642124,2,1,1,0
ENST00000442470,0,0,0,0
ENST00000487462,0,0,0,0
ENST00000525769,0,0,0,0
ENST00000347370,0,0,0,1
ENST00000424604,2,2,0,0
ENST00000462521,0,0,0,0
ENST00000606861,0,0,0,0
ENST00000460038,0,0,0,0
ENST00000341065,0,0,0,0
ENST00000634337,1,0,0,0
ENST00000463212,4,0,0,0
ENST00000411249,0,0,0,0
ENST00000419034,0,0,0,0
ENST00000453118,0,0,0,0
ENST00000462293,0,0,0,0
ENST00000462296,0,5,0,2
ENST00000498173,0,0,0,2
ENST00000442292,0,0,0,0
ENST00000606489,0,0,0,0
ENST00000636827,0,0,0,0
ENST00000360466,0,0,0,0
ENST00000463106,0,0,0,0
ENST00000463453,0,0,0,0
ENST00000640688,0,0,0,0
ENST00000608189,0,0,0,0
ENST00000449005,0,0,0,0
ENST00000441033,0,0,0,0
ENST00000482816,0,0,0,0
ENST00000611150,0,0,0,0
ENST00000399343,0,0,0,48
ENST00000462676,0,0,0,0
ENST00000379389,22,26,0,6
ENST00000508384,0,0,0,0
ENST00000378853,0,0,0,0
ENST00000508148,0,0,0,0
ENST00000469563,4,0,0,4
ENST00000618779,0,0,0,0
ENST00000635642,0,0,0,0
ENST00000518681,0,0,0,0
ENST00000472614,1,1,0,0
ENST00000378525,0,0,0,0
ENST00000378529,0,0,0,0
ENST00000315901,0,0,0,0
ENST00000641579,0,0,0,0
ENST00000469962,0,0,0,0
ENST00000536055,0,0,0,0
ENST00000378092,0,0,0,0
ENST00000378097,8,0,0,0
ENST00000602973,0,0,0,0
ENST00000480305,0,0,0,0
ENST00000441245,0,0,0,0
ENST00000378412,0,0,0,0
ENST00000289877,0,0,0,0
ENST00000578045,0,0,0,0
ENST00000635312,0,0,0,0
ENST00000640423,0,0,0,0
ENST00000494653,0,0,0,0
ENST00000378891,53,3,0,4
ENST00000353662,0,0,0,0
ENST00000377493,0,0,0,0
ENST00000377491,0,0,0,0
ENST00000378389,0,0,0,0
ENST00000348333,0,0,0,0
ENST00000484798,0,0,0,0
ENST00000377705,0,0,0,13
ENST00000474756,0,0,0,0
ENST00000422725,11,14,0,2
ENST00000438434,0,0,0,0
ENST00000054666,0,0,0,203
ENST00000478423,0,0,0,0
ENST00000429389,0,0,0,0
ENST00000495385,0,0,0,0
ENST00000451646,0,0,0,0
ENST00000234875,728,599,0,375
ENST00000483336,0,0,0,0
ENST00000484420,0,0,0,0
ENST00000440196,259,346,506,353
ENST00000448179,0,0,0,0
ENST00000492571,0,0,0,0
ENST00000495701,0,0,0,0
ENST00000417099,29,9,0,6
ENST00000478517,31,22,0,18
ENST00000520296,0,0,0,0
ENST00000641974,0,0,0,0
ENST00000366221,1,0,0,3
ENST00000414948,0,0,0,0
ENST00000487214,0,0,0,0
ENST00000633096,6,2,0,3
ENST00000421241,0,0,0,0
ENST00000472925,0,0,0,6
ENST00000642590,0,0,0,0
ENST00000497013,1,1,0,4
ENST00000294435,0,0,0,0
ENST00000635002,0,0,0,0
ENST00000468610,0,0,0,0
ENST00000493534,0,0,0,0
ENST00000478606,2,0,0,0
ENST00000310991,0,0,0,0
ENST00000362106,0,0,0,0
ENST00000642116,0,0,0,0
ENST00000492390,1,0,0,0
ENST00000638804,0,0,0,0
ENST00000433695,0,0,0,0
ENST00000444870,0,0,0,0
ENST00000400809,0,0,0,5
ENST00000587530,0,0,0,0
ENST00000363474,0,0,0,0
ENST00000466352,0,0,0,0
ENST00000624175,0,0,0,0
ENST00000463591,0,0,0,0
ENST00000414040,0,0,0,0
ENST00000464036,0,0,0,0
ENST00000489782,3,4,0,0
ENST00000507082,0,2,0,0
ENST00000467350,0,0,0,0
ENST00000435049,0,0,0,0
ENST00000609139,0,0,0,0
ENST00000481683,0,0,0,0
ENST00000436229,0,0,0,0
ENST00000615230,0,0,0,0
ENST00000469403,0,0,0,0
ENST00000412674,0,0,0,0
ENST00000489097,0,0,0,0
ENST00000608420,0,0,0,0
ENST00000481067,0,0,0,0
ENST00000488418,2,0,0,0
ENST00000418300,0,0,0,0
ENST00000480647,0,0,0,2
ENST00000480646,0,0,0,0
ENST00000480643,0,0,0,0
ENST00000545578,0,1,0,0
ENST00000326734,0,0,0,0
ENST00000528879,0,0,0,0
ENST00000361696,0,0,0,0
ENST00000465853,0,0,0,0
ENST00000632142,0,0,0,0
ENST00000461514,3,3,0,0
ENST00000477235,9,19,0,5
ENST00000352527,0,0,0,0
ENST00000377834,0,0,0,0
ENST00000377837,0,0,0,0
ENST00000377836,0,0,0,0
ENST00000357733,0,0,0,0
ENST00000641583,0,0,0,0
ENST00000415573,0,0,0,0
ENST00000622503,0,11,0,4
ENST00000358779,0,0,0,0
ENST00000505820,0,0,0,0
ENST00000634833,0,0,0,0
ENST00000484099,0,0,0,0
ENST00000378466,13,21,0,0
ENST00000603760,0,0,0,0
ENST00000498083,0,0,0,0
ENST00000378602,0,0,0,0
ENST00000378604,0,0,0,0
ENST00000378609,517,446,0,353
ENST00000377488,0,0,0,0
ENST00000475969,0,0,0,0
ENST00000464920,0,0,0,21
ENST00000377482,0,0,0,325
ENST00000633239,0,0,0,0
ENST00000408952,0,0,0,0
ENST00000443270,0,0,0,0
ENST00000474140,16,5,0,13
ENST00000479108,0,0,0,0
ENST00000474145,0,0,0,0
ENST00000378111,0,0,0,0
ENST00000418833,0,3,0,0
ENST00000378288,0,0,0,0
ENST00000378285,0,0,0,0
ENST00000378280,0,0,0,0
ENST00000484435,0,0,0,0
ENST00000475812,0,0,0,0
ENST00000419785,0,0,0,0
ENST00000416570,0,0,0,0
ENST00000479813,0,0,0,0
ENST00000479814,0,0,0,0
ENST00000635127,0,0,0,0
ENST00000377223,0,0,0,6
ENST00000437963,0,0,0,0
ENST00000470511,0,0,0,0
ENST00000464620,0,0,0,0
ENST00000629289,0,0,0,0
ENST00000491962,0,1,1,0
ENST00000441765,0,0,0,0
ENST00000483015,0,0,0,0
ENST00000527719,0,0,0,0
ENST00000460594,0,0,0,0
ENST00000472283,0,0,0,0
ENST00000640981,0,0,0,0
ENST00000496007,0,0,0,2
ENST00000452079,22,32,0,7
ENST00000478677,0,0,0,0
ENST00000453521,0,0,0,0
ENST00000586928,0,0,0,0
ENST00000401813,0,0,0,0
ENST00000460659,0,0,0,0
ENST00000638763,0,0,0,0
ENST00000617444,194,139,0,60
ENST00000426449,0,0,0,0
ENST00000502382,0,0,0,0
ENST00000468247,0,0,0,0
ENST00000624167,0,0,0,2
ENST00000477894,0,0,0,0
ENST00000342066,0,0,0,0
ENST00000456162,0,0,0,1
ENST00000479659,32,7,0,7
ENST00000642074,0,0,0,0
ENST00000642073,0,0,0,0
ENST00000535355,0,0,0,0
ENST00000489799,1,2,0,0
ENST00000481276,14,0,0,0
ENST00000404249,4,0,0,0
ENST00000635271,0,0,0,0
ENST00000468800,0,0,0,0
ENST00000343938,9,16,0,14
ENST00000463471,2,7,0,0
ENST00000641757,0,0,0,0
ENST00000412666,0,0,0,0
ENST00000514922,3,0,0,0
ENST00000466761,0,0,0,0
ENST00000488936,0,0,0,0
ENST00000473466,0,0,0,0
ENST00000480342,0,0,0,0
ENST00000641354,0,0,0,4
ENST00000579887,0,0,0,0
ENST00000481789,0,0,0,0
ENST00000463652,0,0,0,2
ENST00000461795,0,0,0,0
ENST00000379410,0,0,0,0
ENST00000642135,0,0,0,0
ENST00000361110,0,0,0,0
ENST00000618792,0,0,0,1
ENST00000467751,0,0,0,0
ENST00000610542,1,0,0,0
ENST00000577672,0,0,0,0
ENST00000379099,0,0,0,0
ENST00000467597,0,0,0,0
ENST00000377828,0,0,0,0
ENST00000624948,1,0,0,0
ENST00000462097,0,0,0,0
ENST00000489538,0,0,0,0
ENST00000492936,0,66,0,13
ENST00000423728,0,0,0,0
ENST00000413332,0,0,0,0
ENST00000610898,0,0,0,0
ENST00000473097,2,1,0,4
ENST00000610897,0,0,0,0
ENST00000608083,0,0,0,0
ENST00000493992,1,0,0,0
ENST00000473653,0,0,0,0
ENST00000646906,0,0,0,0
ENST00000472700,0,0,0,0
ENST00000494257,0,0,0,0
ENST00000509720,0,0,0,0
ENST00000537325,0,0,0,0
ENST00000422528,1,0,0,0
ENST00000407249,0,0,0,0
ENST00000448975,0,0,0,0
ENST00000471248,0,0,0,0
ENST00000340305,0,0,0,0
ENST00000464957,7,0,0,0
ENST00000622660,0,13,0,0
ENST00000481869,0,3,0,0
ENST00000377725,0,0,0,0
ENST00000444276,0,0,0,0
ENST00000465335,0,0,0,0
ENST00000377728,0,0,0,0
ENST00000449373,2,0,0,2
ENST00000635687,0,0,0,15
ENST00000472414,0,0,0,0
ENST00000531020,1,1,0,3
ENST00000424367,0,0,0,0
ENST00000435905,0,0,0,0
ENST00000468002,0,0,0,0
ENST00000378295,0,0,0,0
ENST00000378290,0,0,0,0
ENST00000616016,0,0,0,0
ENST00000471398,0,0,0,0
ENST00000416541,0,0,0,0
ENST00000620829,0,1,0,0
ENST00000421469,0,0,0,0
ENST00000377213,0,0,0,0
ENST00000443466,0,0,0,0
ENST00000492735,0,0,0,2
ENST00000582431,0,0,0,0
ENST00000478065,1,2,0,0
ENST00000447513,0,6,0,0
ENST00000428079,0,0,0,0
ENST00000456701,0,0,0,0
ENST00000617307,0,0,0,0
ENST00000641916,0,0,2,0
ENST00000475730,0,0,0,0
ENST00000602604,0,0,0,0
ENST00000467115,381,430,690,498
ENST00000487835,0,0,0,0
ENST00000470679,0,0,0,0
ENST00000493287,0,0,0,0
ENST00000424587,4,3,0,2
ENST00000634256,0,0,0,0
ENST00000534345,0,0,0,0
ENST00000457540,1759,1802,2427,1879
ENST00000435277,0,0,0,7
ENST00000586288,1,2,0,1
ENST00000460465,0,0,0,0
ENST00000607858,0,0,0,0
ENST00000638771,0,0,0,0
ENST00000442483,0,0,0,0
ENST00000487492,0,0,0,0
ENST00000487949,0,0,0,0
ENST00000468253,2,0,0,0
ENST00000502556,0,0,0,0
ENST00000344579,0,0,0,0
ENST00000476556,0,0,0,0
ENST00000463043,0,0,0,0
ENST00000639777,0,0,0,0
ENST00000427857,0,0,0,0
ENST00000486051,0,0,0,0
ENST00000333172,0,0,0,0
ENST00000461752,0,0,0,0
ENST00000486765,11,15,0,5
ENST00000481265,0,0,0,0
ENST00000506640,18,12,27,13
ENST00000462798,0,0,0,0
ENST00000427211,3,0,0,0
ENST00000641296,0,0,0,0
ENST00000497615,2,1,0,1
ENST00000645284,0,0,0,0
ENST00000435064,0,0,0,0
ENST00000604479,0,0,0,0
ENST00000641100,0,0,0,0
ENST00000432723,6,5,5,2
ENST00000455979,19,0,0,0
ENST00000465354,0,0,0,8
ENST00000431968,0,0,0,0
ENST00000342348,0,0,0,0
ENST00000385130,0,0,0,0
ENST00000246421,0,0,0,0
ENST00000384997,0,0,0,0
ENST00000473215,0,0,0,0
ENST00000590848,0,0,0,0
ENST00000636644,0,0,0,0
ENST00000611123,0,0,0,0
ENST00000620702,0,1,0,0
ENST00000482686,0,0,0,0
ENST00000475119,0,0,0,0
ENST00000431812,1,1,1,1
ENST00000442117,0,0,0,0
ENST00000442116,20,0,16,0
ENST00000445118,16,21,0,20
ENST00000377855,0,0,0,0
ENST00000378592,0,0,0,0
ENST00000378590,0,0,0,0
ENST00000484859,0,3,3,1
ENST00000378598,0,0,0,0
ENST00000484851,0,0,0,0
ENST00000619216,2,2,1,1
ENST00000377939,5,0,0,3
ENST00000636250,4,2,0,2
ENST00000465233,0,0,0,0
ENST00000339113,0,0,0,0
ENST00000477548,0,0,0,0
ENST00000496707,0,0,0,0
ENST00000379409,0,0,0,0
ENST00000379407,0,0,0,0
ENST00000488215,0,0,0,0
ENST00000466897,0,0,0,0
ENST00000616311,0,0,0,0
ENST00000464948,0,0,0,0
ENST00000611447,1,0,0,2
ENST00000494884,3,0,0,0
ENST00000377732,0,0,0,0
ENST00000445840,1,0,1,0
ENST00000646370,0,0,0,0
ENST00000449969,0,0,0,0
ENST00000425194,0,0,0,0
ENST00000646156,0,0,0,0
ENST00000462991,0,0,0,0
ENST00000439488,0,0,0,0
ENST00000606034,0,0,0,0
ENST00000440163,0,0,0,0
ENST00000416554,0,0,0,0
ENST00000510563,0,0,0,0
ENST00000378625,55,73,0,78
ENST00000377205,0,1,0,17
ENST00000338555,0,0,0,0
ENST00000502770,0,0,0,0
ENST00000378821,0,0,0,0
ENST00000303635,0,0,0,0
ENST00000457084,0,0,0,0
ENST00000602612,0,0,0,0
ENST00000591702,4,9,0,2
ENST00000496938,0,0,0,0
ENST00000377442,0,0,0,0
ENST00000377443,0,0,0,0
ENST00000400930,0,0,0,0
ENST00000468310,0,0,0,0
ENST00000479707,13,0,0,0
ENST00000443034,0,0,0,0
ENST00000355716,18,0,0,7
ENST00000400830,0,0,0,0
ENST00000440782,4,5,6,2
